Spotify URI,Title,Album,Artist(s),Submitter ID,Created,Comment,Round ID,Visible To Voters
spotify:track:0APt4t1Dab58sYmGQ4jgij,Where You Lead,Tapestry,Carole King,39da05e8e1a9459faaa6d5f2bedda107,2024-09-29T19:22:06Z,🍁 🍁 🍁 ,fd310df6d55c4a3d9062c53c89faf125,Yes
spotify:track:0d2iYfpKoM0QCKvcLCkBao,Eastside (with Halsey & Khalid),Eastside (with Halsey & Khalid),"benny blanco, Halsey, Khalid",61b8afbd4eba45bc8ce638cdffe643b9,2024-10-01T22:00:06Z,"I don't know, i get autumn vibes. Sue me.",fd310df6d55c4a3d9062c53c89faf125,Yes
spotify:track:0ZNU020wNYvgW84iljPkPP,mirrorball,folklore,Taylor Swift,800249571ade4a4a9be6f732597b2b1b,2024-10-05T03:48:42Z,"Whenever I listen to this song, it reminds me of driving through New Hampshire in the fall 🚗🍂 ",fd310df6d55c4a3d9062c53c89faf125,Yes
spotify:track:1uaGSDFsLdReQgg8p7Obwh,Avril 14th,Drukqs,Aphex Twin,ee6e12f87bed491fb09e44be019d3e9b,2024-10-05T00:17:08Z,Avril is not a month ,fd310df6d55c4a3d9062c53c89faf125,No
spotify:track:20uknEOwx3PpiGL2Es2vCg,Magical,Autumn Variations,Ed Sheeran,3402fb74cd344129b61d9919865d352a,2024-10-03T19:59:14Z,Recommend the whole album!,fd310df6d55c4a3d9062c53c89faf125,Yes
spotify:track:2nmvn13bmL5cMfO9oW34KW,Late Summer,Dreaming,Seapony,130d1a2701b34fe5857607851fcc547a,2024-10-02T21:11:39Z,"Autumn leaves are crunching under your feet, the sun is setting, the lyrics “after the summer / cold air air blows through” float through your headphones, you’ve disassociated so hard that you’re actually present, life is okay. 

Loving this dreamy little hidden gem indie band and there will be no gatekeeping in music league ❤️",fd310df6d55c4a3d9062c53c89faf125,Yes
spotify:track:2QjOHCTQ1Jl3zawyYOpxh6,Sweater Weather,I Love You.,The Neighbourhood,3dd1dd1369444476adfbd33696985d21,2024-10-01T20:31:23Z,,fd310df6d55c4a3d9062c53c89faf125,No
spotify:track:3CAX47TnPqTujLIQTw8nwI,Old Pine,Every Kingdom,Ben Howard,c64f7c8264dc4dfe939b5e78ba14ddff,2024-10-04T15:29:37Z,I won’t be entertaining comments about the length of songs this season 🙂‍↔️🫸,fd310df6d55c4a3d9062c53c89faf125,No
spotify:track:3kQfBtkQqgN1fAMfhks8TU,Need 2,Everything So Far,Pinegrove,0a6f825c2589485ab53dac95d68a6a52,2024-09-29T17:06:50Z,Fall is for being sad (aka my favorite season) ,fd310df6d55c4a3d9062c53c89faf125,No
spotify:track:4rDDzbKwDldcYX66MB55DR,Prelude,Over the Garden Wall (Original Television Soundtrack),"Over the Garden Wall, The Blasting Company",1ba17eccd8544a689334921508084950,2024-09-30T18:31:23Z,"Whenever I see an old colonial barn surrounded by autumn leaves on the side of the highway in Central Pennsylvania, I think of this song. If you haven’t watched Over the Garden Wall yet you can watch all of it in one sitting and you’ll think about it for the rest of your life",fd310df6d55c4a3d9062c53c89faf125,Yes
spotify:track:4yNk9iz9WVJikRFle3XEvn,golden hour,this is what falling in love feels like (554Hz),JVKE,1d307cef65a348c7911e079859e56b2e,2024-10-05T00:51:22Z,"I know this song is ‘cutesy/cheesy’, but it always makes me imagine autumn and the beauty of the falling leaves. the piano+vocals in this masterpiece: live laugh LOOVE it. ",fd310df6d55c4a3d9062c53c89faf125,Yes
spotify:track:5BBK1WoaiD3b3sJ2UysLuM,Witches,Witches,Alice Phoebe Lou,806a585136ee45c9a488dc1a85c62e49,2024-09-29T04:08:58Z,,fd310df6d55c4a3d9062c53c89faf125,No
spotify:track:5enxwA8aAbwZbf5qCHORXi,All Too Well (10 Minute Version) (Taylor's Version) (From The Vault),Red (Taylor's Version),Taylor Swift,85f62b54ad054125aa59e2bfb2fbd730,2024-10-03T02:05:45Z,Go watch the feature film and then watch her performance on SNL,fd310df6d55c4a3d9062c53c89faf125,Yes
spotify:track:6JWddKPdqvDc2WkPEi9grC,Have A Nice Day,Just Enough Education To Perform,Stereophonics,a8108758e11b4fa69f914a9976ed4714,2024-10-01T19:15:08Z,Wasn't quite sure what an autumn sounding song is but thought this was a nice one to stick on your headphones and take a walk through the crunchy leaves,fd310df6d55c4a3d9062c53c89faf125,Yes
spotify:track:6xHI9KjUjYT0FPtGO8Mxa1,Hurricane,This One's for You,Luke Combs,b1dec74763be401085b6c68820bcfe34,2024-10-01T12:45:34Z,Currently Fall in State College,fd310df6d55c4a3d9062c53c89faf125,Yes
spotify:track:7gYwIAHB6VxzLJFSZMMv8i,I Forget Where We Were,I Forget Where We Were,Ben Howard,1618b188d5c94e00b311100dd40046e7,2024-10-04T21:16:10Z,"That’s how the summer passed. 

Ben Howard is coffee shop and sweater music. ",fd310df6d55c4a3d9062c53c89faf125,Yes
spotify:track:7H0ya83CMmgFcOhw0UB6ow,Space Song,Depression Cherry,Beach House,354b13c2aa9a443ca5305478b9620c0c,2024-10-05T02:31:16Z,🍁 🍂 ,fd310df6d55c4a3d9062c53c89faf125,Yes
spotify:track:01tA4XmJ4fGQNwti6b2hPm,The Git Up,Honeysuckle & Lightning Bugs,Blanco Brown,61b8afbd4eba45bc8ce638cdffe643b9,2024-10-10T14:47:29Z,Clearly a masterpiece from the genius with 2 colors as a name,6d4aee2884944865adeac22557ab1032,Yes
spotify:track:0O45fw2L5vsWpdsOdXwNAR,SexyBack (feat. Timbaland),FutureSex/LoveSounds,"Justin Timberlake, Timbaland",1d307cef65a348c7911e079859e56b2e,2024-10-09T04:15:17Z,If this doesn’t make you get up and dance… you’re probably deaf,6d4aee2884944865adeac22557ab1032,Yes
spotify:track:11C4y2Yz1XbHmaQwO06s9f,Dance The Night,Barbie The Album,Dua Lipa,800249571ade4a4a9be6f732597b2b1b,2024-10-12T01:36:24Z,,6d4aee2884944865adeac22557ab1032,Yes
spotify:track:1qiQduM84A0VeH8Y2uAbqi,That's the Way (I Like It) - 2004 Remaster,KC & the Sunshine Band,KC & The Sunshine Band,a8108758e11b4fa69f914a9976ed4714,2024-10-11T21:06:51Z,Tell me you aren't having a little involuntary bop to this right now,6d4aee2884944865adeac22557ab1032,Yes
spotify:track:1z6WtY7X4HQJvzxC4UgkSf,Love On Top,4,Beyoncé,1ba17eccd8544a689334921508084950,2024-10-12T03:20:21Z,,6d4aee2884944865adeac22557ab1032,No
spotify:track:2OOMX91UGKRnSfPFM00cEs,Electric Slide,Classic Party Music,The Hit Crew,3dd1dd1369444476adfbd33696985d21,2024-10-11T15:20:00Z,Boogie woogie woogie,6d4aee2884944865adeac22557ab1032,Yes
spotify:track:3Du9k9oZz7DJCMZviju2lD,HEAT,HEAT,"Tove Lo, SG Lewis",85f62b54ad054125aa59e2bfb2fbd730,2024-10-09T10:17:18Z,Tove makes club classics idgaf what any of you say in this damned music league ,6d4aee2884944865adeac22557ab1032,Yes
spotify:track:3ZFTkvIE7kyPt6Nu3PEa7V,Hips Don't Lie (feat. Wyclef Jean),"Oral Fixation, Vol. 2 (Expanded Edition)","Shakira, Wyclef Jean",354b13c2aa9a443ca5305478b9620c0c,2024-10-12T00:20:52Z,Uff impossible not to 💃🏽 with Shakira ,6d4aee2884944865adeac22557ab1032,Yes
spotify:track:4kbj5MwxO1bq9wjT5g9HaA,Shut Up and Dance,TALKING IS HARD,WALK THE MOON,39da05e8e1a9459faaa6d5f2bedda107,2024-10-09T11:21:50Z,,6d4aee2884944865adeac22557ab1032,No
spotify:track:4pfhCrRk6P2tMU2D0Mb2z5,Fentanyl Tester,SCARING THE HOES,"JPEGMAFIA, Danny Brown",0a6f825c2589485ab53dac95d68a6a52,2024-10-09T03:57:39Z,"I don’t really dance, but I do rage and thrash. I’ll gobble up your downvotes in my manic episode, we scaring the hoes this week bb",6d4aee2884944865adeac22557ab1032,Yes
spotify:track:4r7e8yV4Xem3iC4hkkI4Hn,Drip Sweat (feat. Channel Tres),Drip Sweat (feat. Channel Tres),"KAYTRANADA, Channel Tres",1618b188d5c94e00b311100dd40046e7,2024-10-12T02:03:51Z,It’s a Kaytranada beat. Required rhythmic movement. ,6d4aee2884944865adeac22557ab1032,Yes
spotify:track:4tKGFmENO69tZR9ahgZu48,Murder On The Dancefloor,Read My Lips (Deluxe Version),Sophie Ellis-Bextor,130d1a2701b34fe5857607851fcc547a,2024-10-11T14:05:27Z,Couldn’t be more pleased for this song’s legendary resurgence,6d4aee2884944865adeac22557ab1032,Yes
spotify:track:4XXfQ8fBHMIgcygY4hV6RC,Raingurl,EP2,Yaeji,806a585136ee45c9a488dc1a85c62e49,2024-10-09T21:04:14Z,Some deep house/trance to get you moving at the European night club   ,6d4aee2884944865adeac22557ab1032,No
spotify:track:5rb9QrpfcKFHM1EUbSIurX,Yeah! (feat. Lil Jon & Ludacris),Confessions (Expanded Edition),"USHER, Lil Jon, Ludacris",b1dec74763be401085b6c68820bcfe34,2024-10-09T14:43:37Z,"Absolute banger. Prime usher, ludacris and lil jon. And lil jon will always get you moving. If this song comes on, you must dance.",6d4aee2884944865adeac22557ab1032,Yes
spotify:track:5X5YDBavdU5RjYMlxqwlCm,Boasty (feat. Idris Elba),Boasty (feat. Idris Elba),"Wiley, Stefflon Don, Sean Paul, IDRIS",c64f7c8264dc4dfe939b5e78ba14ddff,2024-10-12T00:11:19Z,"My choices were all over the map with no clear way to pick just one, so I decided to use this as an opportunity to bring up a topic that I’ve never found a way to present naturally in conversation: that Idris Elba, TV & Film actor, is also a rapper and DJ?? It’s literally just right there on his Wikipedia and I didn’t find out until Sean Evans brought this to my attention 5 years ago during Idris’ Hot Ones interview. Anyway… here’s some dancehall to get those bodies grooooooving ",6d4aee2884944865adeac22557ab1032,Yes
spotify:track:67jY28XGWZzr5YaOju8AIL,Buriburi,January Never Dies,Balming Tiger,3402fb74cd344129b61d9919865d352a,2024-10-10T18:40:28Z,shake shake it - ! ,6d4aee2884944865adeac22557ab1032,Yes
spotify:track:7pMJ455NDmDtnAxSRniJt2,Begin Again,That! Feels Good!,Jessie Ware,ee6e12f87bed491fb09e44be019d3e9b,2024-10-11T22:47:32Z,"Maybe not so much of an ass-shaker, but will absolutely scootch your booty if it catches you in the right mood. ",6d4aee2884944865adeac22557ab1032,Yes
spotify:track:07XaOyTS5hyaWiUK1Bc3bR,True Love Waits,A Moon Shaped Pool,Radiohead,0a6f825c2589485ab53dac95d68a6a52,2024-10-17T23:51:52Z,"I’m not living… I’m just killing time

Top 5 favorite Radiohead songs and it’s a doozy. Saddest album from the saddest band with a lead singer named Thom. ",1fc762513afa4f1b8d948cfb2bf31951,Yes
spotify:track:0hDQV9X1Da5JrwhK8gu86p,Maps,Fever To Tell (Deluxe Remastered),Yeah Yeah Yeahs,a8108758e11b4fa69f914a9976ed4714,2024-10-18T17:11:04Z,,1fc762513afa4f1b8d948cfb2bf31951,Yes
spotify:track:1BViPjTT585XAhkUUrkts0,Seigfried,Blonde,Frank Ocean,806a585136ee45c9a488dc1a85c62e49,2024-10-18T16:09:22Z,💔  this song was solely created to play when you’re feeling broken ,1fc762513afa4f1b8d948cfb2bf31951,Yes
spotify:track:202lm9YX5WmAac83tOGlVn,Don't Watch Me Cry,Lost & Found,Jorja Smith,800249571ade4a4a9be6f732597b2b1b,2024-10-19T02:25:27Z,"""I'm not crying 'cause you left me on my own"" 😭😭😭🚗",1fc762513afa4f1b8d948cfb2bf31951,Yes
spotify:track:2D4BSm5Z8Hq5zYbSgJwEOh,She Used To Be Mine,What's Inside: Songs from Waitress,Sara Bareilles,354b13c2aa9a443ca5305478b9620c0c,2024-10-18T17:52:24Z,"This song has mixed emotions. It’s heartbreaking but at the same time  talks about growth and perseverance ❤️‍🩹. Also, this is the song from the Musical Waitress based on the movie Waitress. The real story behind the movie (Adrienne Shelly) breaks my heart in thousand pieces 💔. Couldn’t help but cry every time I listen to it😫🤧",1fc762513afa4f1b8d948cfb2bf31951,Yes
spotify:track:2TOzTqQXNmR2zDJXihjZ2e,enough for you,SOUR,Olivia Rodrigo,130d1a2701b34fe5857607851fcc547a,2024-10-18T16:56:39Z,"Is this sappy teen girl core? Yes, absolutely. Has it made me bawl in my car too many times to count? Also yes. Honestly it’s the “hopeful” chorus switch up at the end that always gets me. 

Bring your downvotes, idc, Olivia Rodrigo lyrics hit right in the feels and she deserves every bit of fame she’s gotten ✋🏻",1fc762513afa4f1b8d948cfb2bf31951,Yes
spotify:track:3o6d1KG4HJGWNCP08frPM8,Colors and Shapes,Faces,Mac Miller,1618b188d5c94e00b311100dd40046e7,2024-10-16T11:25:15Z,"Music video was so sad, yet well done (they CGIed Mac’s dog, Ralphie, into the video). 

Miller Mac. Miller Miller Milker Miller Miller Mac. 

RIP Mac Miller. ",1fc762513afa4f1b8d948cfb2bf31951,Yes
spotify:track:3ZffCQKLFLUvYM59XKLbVm,Wake Me up When September Ends,American Idiot,Green Day,61b8afbd4eba45bc8ce638cdffe643b9,2024-10-16T14:35:20Z,September is peak flu season,1fc762513afa4f1b8d948cfb2bf31951,Yes
spotify:track:4qyfir5Yr7nfo05g6cyFMT,Promise,Every Kingdom,Ben Howard,c64f7c8264dc4dfe939b5e78ba14ddff,2024-10-18T18:15:14Z,"I’m sure you all thought you’d heard the last of Ben Howard! But alas, this song has been the soundtrack to all of my breakdowns for the past 10 years. It’s the hug I need when words fail—on repeat until I feel calm again (or fall asleep if I’m not driving) ✌️",1fc762513afa4f1b8d948cfb2bf31951,Yes
spotify:track:4YrBpjgss8Y8VisQArkLwF,The Weather (acoustic-ish),acoustic-ish: an album…ish,Lawrence,85f62b54ad054125aa59e2bfb2fbd730,2024-10-16T21:06:42Z,This song is…pain. Acoustic pain. ,1fc762513afa4f1b8d948cfb2bf31951,Yes
spotify:track:50nZ2pvMssa7zcSI8ZgARe,Goodbye,Social Cues,Cage The Elephant,1d307cef65a348c7911e079859e56b2e,2024-10-16T06:37:55Z,,1fc762513afa4f1b8d948cfb2bf31951,No
spotify:track:5ebtxZRrC1JQvZ1HCAiLYv,Live Laugh Love,I Blame The World,Sasha Alex Sloan,3402fb74cd344129b61d9919865d352a,2024-10-17T22:43:57Z,"- don’t wanna live my best life, just wanna lay here all night, i don't wanna live, wanna laugh, wanna love -",1fc762513afa4f1b8d948cfb2bf31951,Yes
spotify:track:5xoQihrWn0d45JqXwCBzFJ,Gone,Let's Be Still,The Head And The Heart,1ba17eccd8544a689334921508084950,2024-10-17T13:08:42Z,Depressed? No! You just need to ugly cry to the last two minutes of “Gone” by The Head and The Heart. You’ll still be depressed but you also might feel better,1fc762513afa4f1b8d948cfb2bf31951,Yes
spotify:track:6Kkt27YmFyIFrcX3QXFi2o,Liability,Melodrama,Lorde,39da05e8e1a9459faaa6d5f2bedda107,2024-10-19T01:16:19Z,,1fc762513afa4f1b8d948cfb2bf31951,No
spotify:track:76ODTQOl0JZQbhfxs6nRV9,I Am Not Okay,I Am Not Okay,Jelly Roll,3dd1dd1369444476adfbd33696985d21,2024-10-17T13:44:32Z,,1fc762513afa4f1b8d948cfb2bf31951,Yes
spotify:track:7B9UAoGiN4iMCv4s40xoiM,Cry Pretty,Cry Pretty,Carrie Underwood,b1dec74763be401085b6c68820bcfe34,2024-10-16T12:54:21Z,This song is the definition of ugly cry ,1fc762513afa4f1b8d948cfb2bf31951,Yes
spotify:track:7brQHA2CgQpcMBiOlfiXYb,Afraid,I Love You.,The Neighbourhood,abc1c6267999428dae568b4878990ba5,2024-10-17T07:20:39Z,,1fc762513afa4f1b8d948cfb2bf31951,Yes
spotify:track:7vLdUdtQinRrLEZdmocQLS,Nothing's Free,Forever Means,Angel Olsen,ee6e12f87bed491fb09e44be019d3e9b,2024-10-18T20:36:24Z,"I've got a special connection with the saxophone; to me, there is no instrument that expresses pain in quite the same way",1fc762513afa4f1b8d948cfb2bf31951,Yes
spotify:track:0gb1J5UrTpzaU1s3nupgCd,No Money,No Money,Galantis,3dd1dd1369444476adfbd33696985d21,2024-10-26T01:27:54Z,,516d2cf433c6494c89e5ee9e41917a5a,No
spotify:track:0hOWQlVKKyeHYZlh8TlBi4,Snuff Out the Light (Yzma's Song),The Emperor's New Groove (Original Motion Picture Soundtrack),Eartha Kitt,1ba17eccd8544a689334921508084950,2024-10-23T23:26:29Z,"I bring a certain theater kid vibe to the playlist that many find insufferable, but I jam with this. It’s a cut song from when the first draft of The Emperor’s New Groove was an epic fantasy where Yzma tries to destroy the sun because it gave her wrinkles ",516d2cf433c6494c89e5ee9e41917a5a,Yes
spotify:track:1HW8Eci2TSMF9EaVZHnNzj,Baby Drummer,Bad Nerves,Bad Nerves,a8108758e11b4fa69f914a9976ed4714,2024-10-24T16:13:03Z,,516d2cf433c6494c89e5ee9e41917a5a,Yes
spotify:track:1S67IKmDW69Qv5zXBhML4G,Duplantis Blues,Detta har hänt,David Ritschard,1618b188d5c94e00b311100dd40046e7,2024-10-25T23:16:04Z,It’s country music. It’s in Swedish. It shouldn’t work. It kinda does. ,516d2cf433c6494c89e5ee9e41917a5a,Yes
spotify:track:1tmRlF5pFo8G5OfJYUjWrR,Touch-Tone Telephone,Spirit Phone,Lemon Demon,ee6e12f87bed491fb09e44be019d3e9b,2024-10-24T22:13:22Z,This one goes out to all the dorky theater kids who are making THEIR art 🙌😤🌎,516d2cf433c6494c89e5ee9e41917a5a,Yes
spotify:track:1WrIm1ktonrh7Zu1oOo4nY,Catalina,Catalina,"NLE Choppa, Yaisel LM",c64f7c8264dc4dfe939b5e78ba14ddff,2024-10-26T01:56:58Z,"I was immediately drawn to the fun, catchy rhythm, but #SLUTSZN definitely has “sorry, grandma” energy, and that’s just not for everyone 😂",516d2cf433c6494c89e5ee9e41917a5a,Yes
spotify:track:2FMuoG8zdNhyfkCI2ZMgFe,Rodeo,Hotel Parties,Futurebirds,abc1c6267999428dae568b4878990ba5,2024-10-25T15:42:01Z,"A hidden gem.. I’ve been to 3 of their concerts now around the country and I absolutely love them. Coming from Athens, GA, they are kind of a mix between alt rock and folk. I hope you enjoy as much as I do! (But probably not bc that’s the theme I guess🤷🏻‍♂️)",516d2cf433c6494c89e5ee9e41917a5a,No
spotify:track:2xakaY2mlNLhUMrK1Qmdg7,Lobo Mayor,El Paisaje Salvaje,Fother Muckers,354b13c2aa9a443ca5305478b9620c0c,2024-10-26T00:13:17Z,"-Alpha Wolf - This band is for sure not very popular nationally or internationally, but I wish they were. I love their alternative rock mixed with political and social messages in their lyrics. I usually listen to them when I’m alone because not everyone enjoy listening to music in another language. ",516d2cf433c6494c89e5ee9e41917a5a,Yes
spotify:track:4tU1vbxn9rvUv9VuAUXERx,Ain't it Funny,Atrocity Exhibition,Danny Brown,806a585136ee45c9a488dc1a85c62e49,2024-10-25T19:32:46Z,Both will get my aux privileges taken and I know not too many others probably will like this. One of the craziest songs I’ve ever heard and I love it. Danny flows on a beat literally only he can and it feels like a panic attack (which it is). ,516d2cf433c6494c89e5ee9e41917a5a,Yes
spotify:track:4w1Lnjryh7voWNEfNdj37G,We Were Just Kids (feat. Craig David & Kirsten Joy),What Is Love? (Deluxe Edition),"Clean Bandit, Craig David, Kirsten Joy",b1dec74763be401085b6c68820bcfe34,2024-10-26T00:49:44Z,,516d2cf433c6494c89e5ee9e41917a5a,No
spotify:track:59WDxA3UxKvJDIJcK6dVZv,Gasoline,Gasoline - The 2nd Album,KEY,800249571ade4a4a9be6f732597b2b1b,2024-10-25T22:03:07Z,I have woken up at 3am to watch this artist perform this song. I love it and you can hate it all you want lol ,516d2cf433c6494c89e5ee9e41917a5a,Yes
spotify:track:5Buw7qcchz2wniEEhtKXvm,Sea Snake,The Dip Delivers,The Dip,39da05e8e1a9459faaa6d5f2bedda107,2024-10-26T01:30:27Z,"Guessing Amari and Emily will hate this , but everyone else will give it an “ehhh 0-1 points”. There are no lyrics, but doesn’t it make you feel kinda nice?? Play it a few times in a row while you walk around your house - see what happens! ",516d2cf433c6494c89e5ee9e41917a5a,Yes
spotify:track:6MzofobZt2dm0Kf1hTThFz,Diet Pepsi,Diet Pepsi,Addison Rae,85f62b54ad054125aa59e2bfb2fbd730,2024-10-25T22:03:53Z,If you down vote this song it means you hate young successful women (I’m talking to you Anna),516d2cf433c6494c89e5ee9e41917a5a,Yes
spotify:track:6yz2FAwpeLh949SS4xst3u,Auf und auf voll Lebenslust,Happy Yodeling - Ein Jodler zieht hinaus in die Welt,Takeo Ischi,61b8afbd4eba45bc8ce638cdffe643b9,2024-10-24T02:37:56Z,What an absolute banger of a song. Happy yodelling ,516d2cf433c6494c89e5ee9e41917a5a,Yes
spotify:track:779oVM9a1jQAnKUMKQdVMd,Stacking Chairs,Today We’re The Greatest,Middle Kids,130d1a2701b34fe5857607851fcc547a,2024-10-25T07:45:32Z,"The other week I was SO excited to find this bop. I sent it to my friend, and was told that all my favourite songs are movie montage music (derogatory). Absolutely devastating. 

Anyway I love this one because it articulates what friendship, love, finding your people, etc. etc., is all about - the ones who stay after the party to help stack the chairs 🥹🥲❤️",516d2cf433c6494c89e5ee9e41917a5a,Yes
spotify:track:7y8X0Z04gJCKtfrnSAMywJ,Hacker,The Money Store,Death Grips,0a6f825c2589485ab53dac95d68a6a52,2024-10-26T01:21:47Z,"So might not like it, but this is peak music performance. This masterpiece of industrial noise rap/rock has been called “beautifully misanthropic,” “confrontational, abrasive, and chaotic,” and “an alien swarm of buzzing and sputtering noises.” Oh, and internet music critic Anthony Fantano gave this bad boy a 10/10. Enjoy :) ",516d2cf433c6494c89e5ee9e41917a5a,Yes
spotify:track:10U0rbctNl1DWEuCn1ETm6,𝘠𝘚𝘓,Anchor Baby,"June Freedom, Elji Beatzkilla",1618b188d5c94e00b311100dd40046e7,2024-11-01T00:47:41Z,Heard it at the greatest wedding I went to. ,817338fbc566445fb15763910cf40198,Yes
spotify:track:1DiehRsdyRxbz2UUSEADkZ,Kashmer,Kashmer,Jasper Tygner,a8108758e11b4fa69f914a9976ed4714,2024-11-02T01:36:26Z,My mate sent me this song today and I have had it on repeat everyday since,817338fbc566445fb15763910cf40198,Yes
spotify:track:1dl8w8jWWN8c00TUKH6vwh,Pyramid,Pyramid,ALYSS,b1dec74763be401085b6c68820bcfe34,2024-10-30T11:17:17Z,,817338fbc566445fb15763910cf40198,Yes
spotify:track:1hyyH6xSgtcgwpNOR9cX1t,Do you want to walk with me? (Romance 101 X Jukjae),Do you want to walk with me? (Romance 101 X Jukjae),Jukjae,800249571ade4a4a9be6f732597b2b1b,2024-11-02T02:32:33Z,"A song that my partner introduced to me before we were even dating  Called me up at midnight suddenly and ""just wanted to chat"". When asked what his favorite song was, he said this one. Yes, he was down bad already. Yes, its sappy LOL",817338fbc566445fb15763910cf40198,Yes
spotify:track:2wuoe2Y7PQysIA38omIYIE,Two Summers,Last 10 Seconds,"One11Twenty, Tim Jordan, Mitch Mueller, Kyle DelFatti",abc1c6267999428dae568b4878990ba5,2024-11-01T21:53:54Z,"I was introduced to this song summer of ‘22. Poolside, Corona in hand, steak on the grill. A perfect blend of Third Eye Blind and Hippo Campus. Vibes = immaculate. ",817338fbc566445fb15763910cf40198,Yes
spotify:track:3fqwjXwUGN6vbzIwvyFMhx,Tennessee Whiskey,Traveller,Chris Stapleton,61b8afbd4eba45bc8ce638cdffe643b9,2024-11-01T12:55:44Z,You can't hang out with Roberto without hearing this one a few times. ,817338fbc566445fb15763910cf40198,Yes
spotify:track:3gZyxP7keADPPc8lEJWehW,Want Me,Want Me,Baby Queen,130d1a2701b34fe5857607851fcc547a,2024-10-31T12:00:51Z,"“From your Spotify artists I think you’ll like this song” with a link to this was the opening line from a tinder match. They then sent me an excellent playlist called “shaved just in case”. 

We exchanged like 3 messages and never met (his music was more interesting than he was). Though it’s been nearly three years, he regularly updates that playlist. It continues to slap and is where I still get a considerable amount of my new music - a gift that keeps on giving! Thanks Fred, wherever you are!",817338fbc566445fb15763910cf40198,Yes
spotify:track:3k2kIiJqUiIP49iUcOLpWT,The Place Where He Inserted the Blade,Ants From Up There,"Black Country, New Road",0a6f825c2589485ab53dac95d68a6a52,2024-10-31T03:14:24Z,"This was my most listened to song of 2022 and my top 5 favorite song of all time. Yes it’s 7 minutes. Yes the first two minutes are instrumental. And yes, it’s cathartic, heartbreaking, haunting, raw… and about making soup. Please at least listen to the last 2:30 seconds if can’t listen to the whole thing (looking at you Stuart) and enjoy the experience : ) ",817338fbc566445fb15763910cf40198,Yes
spotify:track:4d6eqRtpDX7tydHJGDZUBQ,She Drives Me Crazy,The Raw & The Cooked,Fine Young Cannibals,39da05e8e1a9459faaa6d5f2bedda107,2024-11-02T00:00:02Z,"Chris Bowlus, my OG influencer. One of the few CDs 💿 my parents had when I was a kid, and for some reason this would get me and my siblings to dance non stop 😂 ",817338fbc566445fb15763910cf40198,Yes
spotify:track:4iZxeyibg6w4EFCOoAQ6Eh,What You Know,Tourist History,Two Door Cinema Club,1d307cef65a348c7911e079859e56b2e,2024-11-01T12:47:32Z,Still remember my friend showing me this song in high school. Driving on a sunny day screaming the lyrics out the window with nothing but pure bliss in my soul,817338fbc566445fb15763910cf40198,Yes
spotify:track:4zw1CzJ4ePqLazD6xZ32Vz,End of Beginning - triple j Like A Version,End of Beginning (triple j Like A Version),The Beaches,85f62b54ad054125aa59e2bfb2fbd730,2024-11-01T06:16:28Z,My dear friend Liv shared this with me. Haven’t stopped listening to it for months,817338fbc566445fb15763910cf40198,Yes
spotify:track:5nIu0VwPOsjkF61zfevLKh,Hold My Liquor,Yeezus,Kanye West,354b13c2aa9a443ca5305478b9620c0c,2024-10-30T03:35:14Z,Personal favorite Kanye’s song. And the 🎸? Uff 🤌🏻. Thanks Emily 🫰🏻,817338fbc566445fb15763910cf40198,Yes
spotify:track:5xEM5hIgJ1jjgcEBfpkt2F,Complicated,Let Go,Avril Lavigne,3402fb74cd344129b61d9919865d352a,2024-11-02T03:07:42Z,"I am not close to my brother (at all). When I was 12 or something, I took his CD (without asking). I still LOVE this song. Thanks, bro?

Oh yeah technically he didn’t share it with me",817338fbc566445fb15763910cf40198,Yes
spotify:track:6SHN5cCJKs4AkVStuChozF,Pay Me,The Philharmonik,The Philharmonik,ee6e12f87bed491fb09e44be019d3e9b,2024-11-01T19:17:34Z,A former work friend of mine shared this with me after I left a job where we were both overworked and underpaid by a guy who had about as much capacity for compassion as Ed Kemper. A fitting tribute to any shit job ,817338fbc566445fb15763910cf40198,Yes
spotify:track:6sOK9LnvTTj4E2ZGzhKTQo,Good Life,The Good Life,Sammy Rae & The Friends,c64f7c8264dc4dfe939b5e78ba14ddff,2024-11-01T22:10:53Z,Didn’t want to submit a song that was shown to me by anyone in the league bc that seems like a conflict of interest imo…so here’s one I like from a band that learned of from a friend,817338fbc566445fb15763910cf40198,Yes
spotify:track:6TcxxINfeaBEQ35sHMldTD,Dreams Tonite,Antisocialites,Alvvays,806a585136ee45c9a488dc1a85c62e49,2024-11-01T22:42:55Z,Staring out the bus listening to this song is one of my favs - one of my go to’s. Thank you snd ❤️ to the person who showed me this song/band :),817338fbc566445fb15763910cf40198,Yes
spotify:track:7kEmejohe2N5hiGhbXlErp,Kaancepts,The Lost Files,K.A.A.N.,3dd1dd1369444476adfbd33696985d21,2024-11-01T19:45:17Z,,817338fbc566445fb15763910cf40198,No
spotify:track:7p02T2V97WFFSOf7mV3ZZH,Mon Esprit,Créatures,Sweet Crude,1ba17eccd8544a689334921508084950,2024-11-01T14:02:00Z,Shared by an ex with admittedly good taste in music. May have cried to this song after we broke up,817338fbc566445fb15763910cf40198,Yes
spotify:track:0H1OyEooZ5SzBYYdJEzxoy,If I Had You,For Your Entertainment,Adam Lambert,b1dec74763be401085b6c68820bcfe34,2024-11-08T17:12:52Z,"Ever since middle school, this song got me bumpin in the car and screaming the lyrics especially when it gets to the chorus  ",04177f3406bd454ca98792502d8174d9,Yes
spotify:track:0KKkJNfGyhkQ5aFogxQAPU,That's What I Like,24K Magic,Bruno Mars,c64f7c8264dc4dfe939b5e78ba14ddff,2024-11-09T03:47:49Z,"I don’t care how predictable this is coming from me! If I’m driving after 2 AM, I’m probably fighting for my life behind that wheel, and this song is going to give what it needs to ensure I do in fact make it home. ",04177f3406bd454ca98792502d8174d9,Yes
spotify:track:1UqhkbzB1kuFwt2iy4h29Q,Cough Syrup,Young The Giant (Special Edition),Young the Giant,85f62b54ad054125aa59e2bfb2fbd730,2024-11-08T19:49:27Z,The last thing I would ever be doing is driving at 2:17am. But this song gets you through any and all things and I would wish to be listening to this at 2:17a while I am driving windows down,04177f3406bd454ca98792502d8174d9,Yes
spotify:track:1YLJVmuzeM2YSUkCCaTNUB,Dog Days Are Over,Lungs (Deluxe Edition),Florence + The Machine,800249571ade4a4a9be6f732597b2b1b,2024-11-09T00:50:15Z,"Windows down, volume up, belting your lungs out on the highway ",04177f3406bd454ca98792502d8174d9,Yes
spotify:track:2JmFRXaJrkAUD2cs6U20KG,Jet Fuel,Swimming,Mac Miller,abc1c6267999428dae568b4878990ba5,2024-11-06T23:46:28Z,More on the chill side. Puts you in your bag. Banger tho. ,04177f3406bd454ca98792502d8174d9,Yes
spotify:track:2NSCi7JG99IZgJPAk0T74G,Free Porn Cheap Drugs,Free Porn Cheap Drugs,G-Eazy,354b13c2aa9a443ca5305478b9620c0c,2024-11-07T19:48:12Z,"I know this is not what you expect from G-Eazy, but I think this is a great song! I love the vibe. Also, it brings back a funny memory of myself driving at night. 
There I was, September 2020, in Ohio highway, this song playing on my playlist, 5am (it’s not 2:17, get over it), getting pulled over for going 20mph over 🚔✌🏻",04177f3406bd454ca98792502d8174d9,Yes
spotify:track:2wet5qoGIwhV3pHBiu7zZd,Fire - Part 1,YOUNG&DANGEROUS,The Struts,1ba17eccd8544a689334921508084950,2024-11-09T03:58:40Z,Young and dangerous 😈,04177f3406bd454ca98792502d8174d9,Yes
spotify:track:2YbJ0qJ5uqOPfLGvqMLkaK,Heartbeat Highway,Heartbeat Highway,Cannons,130d1a2701b34fe5857607851fcc547a,2024-11-06T08:29:07Z,cool ✅ chill ✅ fun ✅ kinda hype ✅ on theme ✅,04177f3406bd454ca98792502d8174d9,Yes
spotify:track:2ZLL9Blx7Tq4tBrhE9YvXE,The Underdog,Ga Ga Ga Ga Ga (2017 Remaster),Spoon,39da05e8e1a9459faaa6d5f2bedda107,2024-11-09T02:10:52Z,,04177f3406bd454ca98792502d8174d9,No
spotify:track:33q2T6Bt6N1JKGQ4lSYjPm,the moon of Seoul,Be Like…,Kim Gun Mo,3402fb74cd344129b61d9919865d352a,2024-11-08T21:48:59Z,"Sometimes, I imagine myself driving in Seoul in the middle of the night while listening to this song.",04177f3406bd454ca98792502d8174d9,Yes
spotify:track:3U5JVgI2x4rDyHGObzJfNf,Unwritten,Unwritten,Natasha Bedingfield,3dd1dd1369444476adfbd33696985d21,2024-11-09T03:07:31Z,,04177f3406bd454ca98792502d8174d9,No
spotify:track:3Ye33Uv9q169tTbnKK70K3,Round Whippin',Welcome to GAZI,A.CHAL,1618b188d5c94e00b311100dd40046e7,2024-11-06T05:17:32Z,OVO Sound Radio circa 2014. Shout out Peru!,04177f3406bd454ca98792502d8174d9,Yes
spotify:track:4sRmzVSedvFkENbSJ342Ex,Cherry,Cherry (Deluxe),Chromatics,0a6f825c2589485ab53dac95d68a6a52,2024-11-08T04:14:36Z,Maybe not ~feeling good~ but we are feeling something ,04177f3406bd454ca98792502d8174d9,Yes
spotify:track:4w1lzcaoZ1IC2K5TwjalRP,A Thousand Miles,Be Not Nobody,Vanessa Carlton,61b8afbd4eba45bc8ce638cdffe643b9,2024-11-08T20:28:26Z,"Only in the dead of night can I be rocking out to this, Terry crews style.",04177f3406bd454ca98792502d8174d9,Yes
spotify:track:5nNNHAwXNpf8Nu7JgqizjJ,The Trip,Strange Pleasures,Still Corners,ee6e12f87bed491fb09e44be019d3e9b,2024-11-08T23:38:41Z,"Lyrically short, but potent.",04177f3406bd454ca98792502d8174d9,Yes
spotify:track:5uiSORQVySTbbtuuJETfre,Love Story (vs Finally) - Tim Deluxe Radio Mix,Love Story (vs Finally),"Layo & Bushwacka!, Tim Deluxe",a8108758e11b4fa69f914a9976ed4714,2024-11-08T21:00:55Z,Kinda chill but bumps and some tasty sax/vocals - ideal carefree driving material,04177f3406bd454ca98792502d8174d9,Yes
spotify:track:7bY6SzSnuhUTj6Ei4HgEP9,Turn,Turn,The Wombats,1d307cef65a348c7911e079859e56b2e,2024-11-06T08:07:16Z,"This was the first song my partner and I bonded over before we started dating, I showed him this song. windows down, singing at the top of my lungs, he told me he fell in love with my energy during that night drive, 😻😭 this song holds a special place in my heart",04177f3406bd454ca98792502d8174d9,Yes
spotify:track:7G3lxTsMfSx4yarMkfgnTC,The World Is Yours,Illmatic,Nas,806a585136ee45c9a488dc1a85c62e49,2024-11-06T18:55:33Z,"Driving at night makes the world feel so small, something about the silence and emptiness. And it makes me feel like I can do anything and the world is in the palm of my hand for a few measly hours. 

This song never fails to make me feel that, but man, especially when I’m in the car driving at night. It hits even harder. 

Pete rocks’s production & sampling and Nas’s flow 😩👌🏽 for 5 minutes it feels like the world is in your hands ",04177f3406bd454ca98792502d8174d9,Yes
spotify:track:0COqiPhxzoWICwFCS4eZcp,Bring Me To Life,Fallen,Evanescence,61b8afbd4eba45bc8ce638cdffe643b9,2024-11-13T03:39:38Z,Emo rock anthem - time to bust out the eye liner,4096574317754109af14ca247af49695,Yes
spotify:track:0jWgAnTrNZmOGmqgvHhZEm,What's Up?,"Bigger, Better, Faster, More !",4 Non Blondes,3402fb74cd344129b61d9919865d352a,2024-11-13T14:38:53Z,hey what's going on,4096574317754109af14ca247af49695,Yes
spotify:track:1xKQbqQtQWrtQS47fUJBtl,Piece of My Heart,Cheap Thrills,"Big Brother & The Holding Company, Janis Joplin",c64f7c8264dc4dfe939b5e78ba14ddff,2024-11-13T05:05:07Z,My favorite is “Maybe” but I’m not sure it qualifies as an ~anthem~,4096574317754109af14ca247af49695,Yes
spotify:track:2aj6E4hqgQsy2cYs37KC5o,Austere,The Big Roar,The Joy Formidable,a8108758e11b4fa69f914a9976ed4714,2024-11-16T04:27:04Z,"Hard to pick this week but this is one of my favourite bands. Honorable mentions of The Mysterines, Yonaka, Marmozets",4096574317754109af14ca247af49695,Yes
spotify:track:2B4tDszh71IfELksFytdoH,Don't Give Up,"What's The Time, Mr. Wolf?",Noisettes,1618b188d5c94e00b311100dd40046e7,2024-11-13T15:25:36Z,Don’t give up! Pretty relevant considering current events. ,4096574317754109af14ca247af49695,Yes
spotify:track:2XpV9sHBexcNrz0Gyf3l18,ブルーバード,Chou Ikimonobakari Tennen Kinen Members Best Selection,Ikimonogakari,806a585136ee45c9a488dc1a85c62e49,2024-11-15T21:41:16Z,This song holds a special place in my heart 💙🐦‍⬛,4096574317754109af14ca247af49695,Yes
spotify:track:3krdP1ZrOGJzKVorT3asvB,Sorry Not Sorry - Rock Version,Confident (Rock Version),"Demi Lovato, Slash",b1dec74763be401085b6c68820bcfe34,2024-11-15T15:35:47Z,Idc if it was a pop song first but the rock version is PHENOMENAL ,4096574317754109af14ca247af49695,Yes
spotify:track:3p8SLhMdp3M5cusqAp6H3L,Automatic Sun,Automatic Sun,The Warning,800249571ade4a4a9be6f732597b2b1b,2024-11-15T17:31:33Z,These rocker babes are so cool and make some killer music!!! And they're from Mexico! ,4096574317754109af14ca247af49695,Yes
spotify:track:3vxVi8EaDqo4tqowE5hgmH,Bang Bang X See You Again - Live,ATTENTION: MILEY LIVE,Miley Cyrus,354b13c2aa9a443ca5305478b9620c0c,2024-11-13T03:57:28Z,"The songs, the guitar, her voice 🤌🏻10/10 🎸⚡️🎸",4096574317754109af14ca247af49695,Yes
spotify:track:4C6EPbxGiGSX95nJY3z9ZG,I Got Heaven,I Got Heaven,Mannequin Pussy,ee6e12f87bed491fb09e44be019d3e9b,2024-11-13T21:44:26Z,I've had this song on repeat all year. For sure showing up on my Wrapped.,4096574317754109af14ca247af49695,Yes
spotify:track:6SpLc7EXZIPpy0sVko0aoU,Misery Business,Riot!,Paramore,1d307cef65a348c7911e079859e56b2e,2024-11-14T00:24:25Z,"“WHOA, I NEVER MEANT TO BRAG, BUT I GOT HIM WHERE I WANT HIM NOW. WWHOOAAA IT WAS NEVER MY INTENTION TO BRAAAG, AND STEAL IT ALL AWAY DROM YOU NOWW. 
CUZ GOD, DOES IT FEEL SO GOOOOD..”🤘🏼👑🤘🏼",4096574317754109af14ca247af49695,Yes
spotify:track:6sxptembJVty4sNtcPMAVz,Man! I Feel Like A Woman!,Come On Over,Shania Twain,1ba17eccd8544a689334921508084950,2024-11-13T03:16:42Z,Let’s go girls ,4096574317754109af14ca247af49695,Yes
spotify:track:6XGKwGyC5z1UmhhyOhwSYv,Boom Boom Back,Boom Boom Back,"Hinds, Beck",abc1c6267999428dae568b4878990ba5,2024-11-13T23:22:23Z,New age babe rock for your ears,4096574317754109af14ca247af49695,Yes
spotify:track:7LwLxil5ucG4qXcsxrkWEn,Adored,DOGVIOLET,LAUREL,130d1a2701b34fe5857607851fcc547a,2024-11-13T06:48:39Z,Alright I am OBSESSED with this entire album. No skips. No notes. Just babe rock. ,4096574317754109af14ca247af49695,Yes
spotify:track:7pu8AhGUxHZSCWTkQ2eb5M,Bad Reputation,Bad Reputation (Expanded Edition),Joan Jett & the Blackhearts,0a6f825c2589485ab53dac95d68a6a52,2024-11-13T04:03:51Z,"Me in this music league 💁‍♀️
Also, this was my favorite song in elementary school which may be the most on brand thing about me. ",4096574317754109af14ca247af49695,Yes
spotify:track:011plYoLTqmoFML8birgSA,Lumaby,Beanna,"Mejiwahn, hrlum",1618b188d5c94e00b311100dd40046e7,2024-11-23T03:37:00Z,This was hard. I like this. Oakland DJ. South cack singer. Doesn’t sound like either region.  Fells like a callback to the motherland. ,dfa28e3b224e4a3da051c39d95f7718c,Yes
spotify:track:0bxWdk5xYFcV7cm0tj6Q0R,TRUST!,TRUST!,Rebecca Black,85f62b54ad054125aa59e2bfb2fbd730,2024-11-22T23:40:25Z,Everything yall submit is experimental idek how to compete with that usual tomfoolery ,dfa28e3b224e4a3da051c39d95f7718c,Yes
spotify:track:1lbjDy6IIerHFGZWKG0hno,"I swear, I Really Wanted To Make A ""Rap"" Album But This Is Literally The Way The Wind Blew Me This Time",New Blue Sun,André 3000,ee6e12f87bed491fb09e44be019d3e9b,2024-11-23T00:01:32Z,"Rapper turned flautist!! There's a great conversation between 3-stacks and Rick Rubin about how while he (A3) was on tour and performing for outkast, he would disconnect from his performance and start to think about what he was going to eat that night, and at that point he knew he had to step away from his work because it started to mean less to him. Always respected that. Also be thankful, this is one of the shorter tracks on the album...",dfa28e3b224e4a3da051c39d95f7718c,Yes
spotify:track:1t9us2hggVqmnyWz7uG54y,Unison,Vespertine,Björk,806a585136ee45c9a488dc1a85c62e49,2024-11-22T21:58:58Z,"This whole album feels like the cover. Mysterious and enchanting. Truly a unique artist. She really experiments with micro sounds, vocal storytelling  and pushes what pop could be, and this song is just beautiful to me. That a true form of love can be felt and embraced without inhibition. It’s the perfect climax to this album but also works on its own. She and this album isn’t everyone’s cup of tea but I hope you can appreciate her experimentation and boldness. ",dfa28e3b224e4a3da051c39d95f7718c,Yes
spotify:track:1xefwf39r1PWiOKS40Z31n,Drums of Death,Drums of Death,"FKA twigs, Koreless",130d1a2701b34fe5857607851fcc547a,2024-11-21T16:45:29Z,"This song kinda feels like I’m shooting aliens in an arcade game, but I’m into the beat and vocals (and some real sorry grandma lyrics, oops) ",dfa28e3b224e4a3da051c39d95f7718c,Yes
spotify:track:20XLvRLUpKvD4cHwScEemQ,Sylph,ERIKA JANE,"COUCOU CHLOE, KABLAM",800249571ade4a4a9be6f732597b2b1b,2024-11-21T21:23:40Z,,dfa28e3b224e4a3da051c39d95f7718c,Yes
spotify:track:2YKiGSTidjv7qEreHpRtoT,Victoria,Let Live & Let Ghosts,Jukebox The Ghost,1ba17eccd8544a689334921508084950,2024-11-23T04:12:14Z,"I think this song’s piano-forward mix of unique vocals and kickass drums is just so weird, but mainly I love the lyric “I couldn’t tell if you were a bitch or totally bitching”",dfa28e3b224e4a3da051c39d95f7718c,Yes
spotify:track:3L6eri5cgP0GgNUFBqoXOC,Chicken Attack,Chicken Attack,The Gregory Brothers,61b8afbd4eba45bc8ce638cdffe643b9,2024-11-21T22:06:09Z,Rock out with your chicken out,dfa28e3b224e4a3da051c39d95f7718c,Yes
spotify:track:3pJQY7UuX0DcE8pgLZhCjf,Indigo Puff,Indigo Puff,Sundara Karma,1d307cef65a348c7911e079859e56b2e,2024-11-20T11:10:22Z,"Let me introduce you to my favorite love song of all time. This is a song about being in love & getting swept up in the sensations of the journey of life with someone who gives you strength and inspiration. The presence of someone in your life that lifts you up to a higher plane of existence, & brings mystery, excitement and anticipation of the unknown journey ahead. ",dfa28e3b224e4a3da051c39d95f7718c,Yes
spotify:track:3txrp0QdO0wiF4yqiofzJv,The Most Wanted Person In The United States,"10,000 gecs",100 gecs,0a6f825c2589485ab53dac95d68a6a52,2024-11-23T02:57:48Z,"Goblin gecs, Anthony Kiedis, and downvotes this week ",dfa28e3b224e4a3da051c39d95f7718c,Yes
spotify:track:3xUbmStWnQjHAfot43uLbl,JOY (Life Goes On),Where I'm Meant To Be (Deluxe Edition),"Ezra Collective, Sampa the Great, Joy Anonymous",c64f7c8264dc4dfe939b5e78ba14ddff,2024-11-23T04:58:33Z,jazz 🤝 electronic ,dfa28e3b224e4a3da051c39d95f7718c,Yes
spotify:track:4YaNLEPw3MrIgkGOkBrAh2,Across The Room,A Moment Apart,"ODESZA, Leon Bridges",abc1c6267999428dae568b4878990ba5,2024-11-22T12:54:07Z,Slow jam into a phat beat. ,dfa28e3b224e4a3da051c39d95f7718c,Yes
spotify:track:5iFhkFf9JLA3XiROdYsg1i,7 элемент,Философия чуда,Vitas,3dd1dd1369444476adfbd33696985d21,2024-11-20T04:21:56Z,I couldn't believe this was a real song when I first heard it. Russia is wild. Amazing music video as well,dfa28e3b224e4a3da051c39d95f7718c,Yes
spotify:track:6GJRcZb1Mg4DD56q0qiF46,사시랭이소리,SSINGSSING,SsingSsing,3402fb74cd344129b61d9919865d352a,2024-11-20T21:30:10Z,"SsingSsing fused Korean folk music with other genres. If you liked this song, I highly recommend watching their performance on NPR’s Tiny Desk. The visual is as awesome as the sound!",dfa28e3b224e4a3da051c39d95f7718c,Yes
spotify:track:6KR9NaynH8bF9w727wKQBL,New Born,Origin of Symmetry,Muse,354b13c2aa9a443ca5305478b9620c0c,2024-11-23T03:22:28Z,,dfa28e3b224e4a3da051c39d95f7718c,No
spotify:track:0kIsnEg0TzJTsb6wTVHSeG,Watermelon Sugar - Spotify Singles,Watermelon Sugar (Spotify Singles),Emei,354b13c2aa9a443ca5305478b9620c0c,2024-11-30T01:51:57Z,Big fan of Harry Styles and this amazing cover of 🍉 sugar. A very good friend of mine showed me this 💎 10/10 🫶🏻,11978e86f8a34577b39128b295337b5b,Yes
spotify:track:0M2ASyWJhjvc4AzneR7sG6,New Rules x Are You That Somebody?,"PTX Presents: Top Pop, Vol. I",Pentatonix,b1dec74763be401085b6c68820bcfe34,2024-11-28T15:06:10Z,,11978e86f8a34577b39128b295337b5b,Yes
spotify:track:1Tip6R4swhC7E6hgILBjrE,Edge of Midnight (Midnight Sky Remix) (feat. Stevie Nicks),Plastic Hearts,"Miley Cyrus, Stevie Nicks",1d307cef65a348c7911e079859e56b2e,2024-11-27T13:34:39Z,"Masterpiece imo. Love this era of miley. 
Original: edge of midnight- stevie nicks ➡️ midnight sky- miley cyrus (cover) ➡️ edge of midnight (midnight sky remix) - miley cyrus feat stevie nicks. ",11978e86f8a34577b39128b295337b5b,Yes
spotify:track:2dono2Koz7DEvGwxUsmMLq,Linger - SiriusXM Session,Linger / Heading For The Door (Sirius XM Session),Royel Otis,abc1c6267999428dae568b4878990ba5,2024-11-27T19:54:04Z,,11978e86f8a34577b39128b295337b5b,No
spotify:track:2ZiJidFdQ30nVJEP4u44l3,Blank Space,Heart Vs. Mind,I Prevail,3dd1dd1369444476adfbd33696985d21,2024-11-29T20:50:43Z,T-swizzle cover,11978e86f8a34577b39128b295337b5b,Yes
spotify:track:30y5OpD8TPAru2wsyZDD4S,That Funny Feeling,That Funny Feeling,Phoebe Bridgers,ee6e12f87bed491fb09e44be019d3e9b,2024-11-30T02:54:55Z,Phone Bridgers covering Bo Burnham. The fact this cover happened just makes me happy,11978e86f8a34577b39128b295337b5b,Yes
spotify:track:35LlWyY6u5ajhNbHkalXkB,Halo - Live,Forever for Now (Deluxe Edition),LP,1ba17eccd8544a689334921508084950,2024-11-27T13:17:06Z,Ha HAH! I lulled you into a false sense of security spending all music league complaining about long songs knowing I would submit this one,11978e86f8a34577b39128b295337b5b,No
spotify:track:4H8vbXQIbHgu5AHzm3QxT6,Havana,Havana,"Walk off the Earth, Jocelyn Alice, KRNFX",61b8afbd4eba45bc8ce638cdffe643b9,2024-11-27T23:38:58Z,Better than the original imho,11978e86f8a34577b39128b295337b5b,No
spotify:track:4uytiW8D73yWQHkg1PzYlB,"The Winner Takes It All - From ""Mamma Mia!""",Mamma Mia! The Movie Soundtrack,Meryl Streep,3402fb74cd344129b61d9919865d352a,2024-11-30T02:31:57Z,Dang i hate that you can't listen to it when you're voting. I really love this movie and meryl streep did a great job. I sometimes just put the whole album for a drive.,11978e86f8a34577b39128b295337b5b,Yes
spotify:track:5J2RM7ywLIU4G785LT5RoX,Gangsta's Paradise - Epic Orchestral Version,Gangsta's Paradise (Epic Orchestral Version),Carameii,800249571ade4a4a9be6f732597b2b1b,2024-11-30T03:59:41Z,Okay hear me out- this is a super cool battle scene song AND makes you feel really badass while lifting 🤷‍♀️,11978e86f8a34577b39128b295337b5b,Yes
spotify:track:5sn1BmEOPP1bu4cZq9OgoF,Tim McGraw - Recorded At Spotify Studios NYC,Spotify Singles,Maggie Rogers,85f62b54ad054125aa59e2bfb2fbd730,2024-11-29T17:25:10Z,Personally I am obsessed with both Maggie Rogers and Taylor Swift even though someone here will say liking either of them is polarizing ☕️ but Maggie’s vocals 11/10,11978e86f8a34577b39128b295337b5b,Yes
spotify:track:5vmYMS6FR2b7J57OG0Cscl,Take Me to the River,Take Me to the River,Lorde,c64f7c8264dc4dfe939b5e78ba14ddff,2024-11-29T19:48:08Z,A cover of a cover—Lorde covers Talking Heads’ spin on Al Green’s “Take Me to the River”,11978e86f8a34577b39128b295337b5b,Yes
spotify:track:6kopmMZiyLmw7h66uXcXR7,Valerie (feat. Amy Winehouse) - Version Revisited,Version,"Mark Ronson, Amy Winehouse",a8108758e11b4fa69f914a9976ed4714,2024-11-27T14:15:17Z,"Original song by the Zutons is also good, but this is top notch",11978e86f8a34577b39128b295337b5b,Yes
spotify:track:6ydvLYYQRuPMOnTjroGE4C,Pink Pony Club - Plankton Cover,Pink Pony Club (Plankton Cover),vunes,0a6f825c2589485ab53dac95d68a6a52,2024-11-27T16:33:16Z,GOD WHAT HAVE YOU DONE ,11978e86f8a34577b39128b295337b5b,Yes
spotify:track:7DzktdAh3zTT5Li8vam9tt,While My Guitar Gently Weeps,Rock and Roll Hall of Fame Volume 8: 2004-2005,"Tom Petty, Jeff Lynne, Steve Winwood, Dhani Harrison, Prince",1618b188d5c94e00b311100dd40046e7,2024-11-28T05:30:17Z,"While My Guitar Gently Weeps by the Beatles. Arguably the greatest guitar solo ever. Audio version does no justice. Watch them play it on YT. 

Have we ever found the guitar Prince threw? ",11978e86f8a34577b39128b295337b5b,Yes
spotify:track:7F5rIyOI88zk36AiBXC8xq,The Girl From Ipanema,Lioness: Hidden Treasures,Amy Winehouse,806a585136ee45c9a488dc1a85c62e49,2024-11-27T21:06:48Z,I love the original by Stan Getz/Astrud Gilberto and Amy (a generational artist) does this justice 🖤,11978e86f8a34577b39128b295337b5b,Yes
spotify:track:7oof6K1s09QXjOxDucR2r8,Under Pressure,In Love and Death,"My Chemical Romance, The Used",130d1a2701b34fe5857607851fcc547a,2024-11-29T05:12:45Z,"Queen and David Bowie cover, of course! 

It’s the early naughties pop-punk style drums that do it for me. This song also has the double nostalgia factor: my dad never straying from the classic rock radio station and playing Welcome to the Black Parade off an angsty burned CD",11978e86f8a34577b39128b295337b5b,Yes
